{"cameraMode":{"drawMode":0,"name":"Shaded","section":"Shading Mode"},"sceneLighting":true,"audioPlay":false,"sceneViewState":{"showFog":true,"showMaterialUpdate":false,"showSkybox":true,"showFlares":true,"showImageEffects":true,"showParticleSystems":true},"in2DMode":false,"pivot":{"x":-0.22921796143054963,"y":2.1875085830688478,"z":1.0798923969268799},"rotation":{"x":-0.014933218248188496,"y":0.977031409740448,"z":0.07311318814754486,"w":0.19969797134399415},"size":5.500008583068848,"orthographic":false}