{"cameraMode":{"drawMode":0,"name":"Shaded","section":"Shading Mode"},"sceneLighting":false,"audioPlay":false,"sceneViewState":{"showFog":true,"showMaterialUpdate":false,"showSkybox":true,"showFlares":true,"showImageEffects":true,"showParticleSystems":true},"in2DMode":false,"pivot":{"x":-632.5238647460938,"y":2.7907543182373049,"z":-0.6062495708465576},"rotation":{"x":0.0075303660705685619,"y":0.6732208728790283,"z":0.00686500733718276,"w":-0.7393819689750671},"size":1.2030863761901856,"orthographic":false}