{"cameraMode":{"drawMode":0,"name":"Shaded","section":"Shading Mode"},"sceneLighting":false,"audioPlay":false,"sceneViewState":{"showFog":true,"showMaterialUpdate":false,"showSkybox":true,"showFlares":true,"showImageEffects":true,"showParticleSystems":true},"in2DMode":false,"pivot":{"x":10.336806297302246,"y":-2.0516414642333986,"z":53.041053771972659},"rotation":{"x":-0.12700746953487397,"y":0.6769447326660156,"z":-0.12025436758995056,"w":-0.7149543762207031},"size":144.97727966308595,"orthographic":false}