{"cameraMode":{"drawMode":0,"name":"Shaded","section":"Shading Mode"},"sceneLighting":true,"audioPlay":false,"sceneViewState":{"showFog":true,"showMaterialUpdate":false,"showSkybox":true,"showFlares":true,"showImageEffects":true,"showParticleSystems":true},"in2DMode":false,"pivot":{"x":-540.0642700195313,"y":-33.900001525878909,"z":19.846942901611329},"rotation":{"x":-0.06834854930639267,"y":0.865638256072998,"z":-0.12314390391111374,"w":-0.4804581105709076},"size":45.42033004760742,"orthographic":false}