{"cameraMode":{"drawMode":0,"name":"Shaded","section":"Shading Mode"},"sceneLighting":true,"audioPlay":false,"sceneViewState":{"showFog":true,"showMaterialUpdate":false,"showSkybox":true,"showFlares":true,"showImageEffects":true,"showParticleSystems":true},"in2DMode":false,"pivot":{"x":-617.2073974609375,"y":2.9249186515808107,"z":0.020213007926940919},"rotation":{"x":-0.1012505367398262,"y":-0.7853338718414307,"z":0.13346032798290254,"w":-0.5960307121276856},"size":38.769073486328128,"orthographic":false}