{"cameraMode":{"drawMode":0,"name":"Shaded","section":"Shading Mode"},"sceneLighting":true,"audioPlay":false,"sceneViewState":{"showFog":true,"showMaterialUpdate":false,"showSkybox":true,"showFlares":true,"showImageEffects":true,"showParticleSystems":true},"in2DMode":false,"pivot":{"x":11.846864700317383,"y":4.1067304611206059,"z":-11.435867309570313},"rotation":{"x":-0.05812768638134003,"y":-0.6960594654083252,"z":0.05672857537865639,"w":-0.7134085893630981},"size":160.36114501953126,"orthographic":false}