{"cameraMode":{"drawMode":0,"name":"Shaded","section":"Shading Mode"},"sceneLighting":true,"audioPlay":false,"sceneViewState":{"showFog":true,"showMaterialUpdate":false,"showSkybox":true,"showFlares":true,"showImageEffects":true,"showParticleSystems":true},"in2DMode":false,"pivot":{"x":-715.6893310546875,"y":24.152996063232423,"z":-93.097900390625},"rotation":{"x":-0.22834338247776032,"y":0.08660971373319626,"z":-0.020398706197738649,"w":-0.9695071578025818},"size":9.113455772399903,"orthographic":false}