{"cameraMode":{"drawMode":0,"name":"Shaded","section":"Shading Mode"},"sceneLighting":true,"audioPlay":false,"sceneViewState":{"showFog":true,"showMaterialUpdate":false,"showSkybox":true,"showFlares":true,"showImageEffects":true,"showParticleSystems":true},"in2DMode":false,"pivot":{"x":-632.5701904296875,"y":2.826730728149414,"z":-0.6298829317092896},"rotation":{"x":-0.026047805324196817,"y":0.6934267282485962,"z":-0.025288904085755349,"w":-0.7197186350822449},"size":2.6867825984954836,"orthographic":false}