{"cameraMode":{"drawMode":0,"name":"Shaded","section":"Shading Mode"},"sceneLighting":true,"audioPlay":false,"sceneViewState":{"showFog":true,"showMaterialUpdate":false,"showSkybox":true,"showFlares":true,"showImageEffects":true,"showParticleSystems":true},"in2DMode":false,"pivot":{"x":-641.1773681640625,"y":1.5246305465698243,"z":7.702840805053711},"rotation":{"x":-0.108505979180336,"y":0.5887899398803711,"z":-0.08015158027410507,"w":-0.7969697117805481},"size":5.899572372436523,"orthographic":false}