{"cameraMode":{"drawMode":0,"name":"Shaded","section":"Shading Mode"},"sceneLighting":true,"audioPlay":false,"sceneViewState":{"showFog":true,"showMaterialUpdate":false,"showSkybox":true,"showFlares":true,"showImageEffects":true,"showParticleSystems":true},"in2DMode":false,"pivot":{"x":-632.30712890625,"y":4.329041957855225,"z":1.8314635753631592},"rotation":{"x":-0.05471160635352135,"y":0.6845057010650635,"z":-0.0516476035118103,"w":-0.7251158952713013},"size":1.365936279296875,"orthographic":false}