{"cameraMode":{"drawMode":0,"name":"Shaded","section":"Shading Mode"},"sceneLighting":true,"audioPlay":false,"sceneViewState":{"showFog":true,"showMaterialUpdate":false,"showSkybox":true,"showFlares":true,"showImageEffects":true,"showParticleSystems":true},"in2DMode":false,"pivot":{"x":44909.76953125,"y":666.564453125,"z":23524.89453125},"rotation":{"x":0.027446847409009935,"y":0.9128807783126831,"z":-0.06195458024740219,"w":0.40274423360824587},"size":1466.8026123046875,"orthographic":false}