{"cameraMode":{"drawMode":0,"name":"Shaded","section":"Shading Mode"},"sceneLighting":true,"audioPlay":false,"sceneViewState":{"showFog":true,"showMaterialUpdate":false,"showSkybox":true,"showFlares":true,"showImageEffects":true,"showParticleSystems":true},"in2DMode":false,"pivot":{"x":-596.2021484375,"y":-39.38011932373047,"z":3.3835926055908205},"rotation":{"x":0.09200146794319153,"y":-0.65886390209198,"z":0.08163923770189285,"w":0.7421821355819702},"size":101.93277740478516,"orthographic":false}