{"cameraMode":{"drawMode":0,"name":"Shaded","section":"Shading Mode"},"sceneLighting":true,"audioPlay":false,"sceneViewState":{"showFog":true,"showMaterialUpdate":false,"showSkybox":true,"showFlares":true,"showImageEffects":true,"showParticleSystems":true},"in2DMode":false,"pivot":{"x":-322.2649841308594,"y":22.45652198791504,"z":-62.283851623535159},"rotation":{"x":-0.03310655057430267,"y":-0.8251355886459351,"z":0.04856858029961586,"w":-0.5619589686393738},"size":229.00875854492188,"orthographic":false}