{"cameraMode":{"drawMode":0,"name":"Shaded","section":"Shading Mode"},"sceneLighting":false,"audioPlay":false,"sceneViewState":{"showFog":true,"showMaterialUpdate":false,"showSkybox":true,"showFlares":true,"showImageEffects":true,"showParticleSystems":true},"in2DMode":false,"pivot":{"x":-632.56787109375,"y":2.816589832305908,"z":-0.7363108992576599},"rotation":{"x":-0.12700746953487397,"y":0.6769447326660156,"z":-0.12025436758995056,"w":-0.7149543762207031},"size":1.1643781661987305,"orthographic":false}