{"cameraMode":{"drawMode":0,"name":"Shaded","section":"Shading Mode"},"sceneLighting":true,"audioPlay":false,"sceneViewState":{"showFog":true,"showMaterialUpdate":false,"showSkybox":true,"showFlares":true,"showImageEffects":true,"showParticleSystems":true},"in2DMode":false,"pivot":{"x":1.4902901649475098,"y":1.6368951797485352,"z":-5.014529228210449},"rotation":{"x":-0.10329419374465943,"y":0.8895888328552246,"z":-0.24937358498573304,"w":-0.36847954988479617},"size":18.715858459472658,"orthographic":false}