{"cameraMode":{"drawMode":0,"name":"Shaded","section":"Shading Mode"},"sceneLighting":true,"audioPlay":false,"sceneViewState":{"showFog":true,"showMaterialUpdate":false,"showSkybox":true,"showFlares":true,"showImageEffects":true,"showParticleSystems":true},"in2DMode":false,"pivot":{"x":-632.5432739257813,"y":2.708463430404663,"z":-0.49638694524765017},"rotation":{"x":0.029843363910913469,"y":0.6997368931770325,"z":0.029099080711603166,"w":-0.7132918238639832},"size":0.5867828130722046,"orthographic":false}